<?xml version="1.0" encoding="UTF-8" standalone="yes"?>
<descriptor xmlns="http://www.ibm.com/iis/igc/asset-type-descriptor" 
	bundleId="ServiceWSDL"> <!-- short ID for preventing clashes with other asset bundles -->
		 
<!-- ****************************************************************** -->
<!-- ********* GUI Containers: Families, Trees ********** -->
	
	<family position="2" classRefs="WsdlService, WsdlOperation, WsdlFault" >
		<label key="family1" inDefaultLocale="WSDL Service" />
	</family>
	   
	<tree position="3" rootClassRefs="WsdlService">
		<label key="tree1" inDefaultLocale="WSDL Service" />
	</tree>
		 
<!-- ****************************************************************** -->
<!-- ********* Structural definitions: Classes, Attributes ********** -->
<!-- *********    Hierarchy: Export - OptimTable,OptimColumn ********** -->
	
<!-- ********* WsdlService ********** -->

	<class localId="WsdlService" dataAccessRole="None" canHaveImage="true">
		<label key="class.WsdlService" inDefaultLocale="Wsdl Service" />
		<pluralLabel key="class-plural.WsdlService" inDefaultLocale="Wsdl Service" />
		
		<headerSection>
            <attribute localId="name" type="String" >
                <label key="attr.WsdlService.name" inDefaultLocale="Wsdl Service Name" />
            </attribute>
            <attribute localId="portbinding" type="String" >
                <label key="attr.WsdlService.portbinding" inDefaultLocale="Wsdl Service Port Binding" />
            </attribute>
            <attribute localId="portbindingname" type="String" >
                <label key="attr.WsdlService.portbindingname" inDefaultLocale="Wsdl Service Port Binding Name" />
            </attribute>
            <attribute localId="portbindingaddress" type="String" >
                <label key="attr.WsdlService.portbindingaddress" inDefaultLocale="Wsdl Service Port Binding Address" />
            </attribute>
            <attribute localId="soapaddressloc" type="String" >
                <label key="attr.WsdlService.soapaddressloc" inDefaultLocale="Soap Address Location" />
            </attribute>
		</headerSection>
        
        <section>
            <label key="section.WsdlService.Details" inDefaultLocale="Wsdl Service Details" />

            <attribute localId="xsd" type="String" editable="true">
                <label key="attr.WsdlService.xsd" inDefaultLocale="Wsdl Service XSD Namespace" />
            </attribute>
            <attribute localId="wsdl" type="String" editable="true">
                <label key="attr.WsdlService.wsdl" inDefaultLocale="Wsdl Service WSDL Namespace" />
            </attribute>
            <attribute localId="tns" type="String" editable="true">
                <label key="attr.WsdlService.tns" inDefaultLocale="Wsdl Service TNS Namespace" />
            </attribute>
            <attribute localId="soap" type="String" editable="true">
                <label key="attr.WsdlService.soap" inDefaultLocale="Wsdl Service SOAP Namespace" />
            </attribute>
            <attribute localId="ns2" type="String" editable="true">
                <label key="attr.WsdlService.ns2" inDefaultLocale="Wsdl Service NS2 Namespace" />
            </attribute>
            <attribute localId="ns1" type="String" editable="true">
                <label key="attr.WsdlService.ns1" inDefaultLocale="Wsdl Service NS1 Namespace" />
            </attribute>
            <attribute localId="importlocation" type="String" editable="true">
                <label key="attr.WsdlService.importlocation" inDefaultLocale="Wsdl Service Import Location" />
            </attribute>
            <attribute localId="importnamespace" type="String" editable="true">
                <label key="attr.WsdlService.importnamespace" inDefaultLocale="Wsdl Service Import Namespace" />
            </attribute>
            <attribute localId="bindingname" type="String" editable="true">
                <label key="attr.WsdlService.bindingname" inDefaultLocale="Wsdl Service Binding Name" />
            </attribute>
            <attribute localId="bindingtype" type="String" editable="true">
                <label key="attr.WsdlService.bindingtype" inDefaultLocale="Wsdl Service Binding Type" />
            </attribute>
            <attribute localId="bindingstyle" type="String" editable="true">
                <label key="attr.WsdlService.bindingstyle" inDefaultLocale="Wsdl Service Binding Style" />
            </attribute>
            <attribute localId="bindingtransport" type="String" editable="true">
                <label key="attr.WsdlService.bindingtransport" inDefaultLocale="Wsdl Service Binding Transport" />
            </attribute>
        </section>
	</class>
	
<!-- ********* WsdlOpertion ********** -->
		
	<class localId="WsdlOperation" containerClassRefs="WsdlService" canHaveImage="true" expandableInLineage="true" >
		<label key="class.WsdlOperation" inDefaultLocale="Wsdl Operation" />
		<pluralLabel key="class-plural.WsdlOperation" inDefaultLocale="Wsdl Operation" />
		
		<headerSection>
			<attribute localId="version" type="String" >
				<label key="attr.WsdlOperation.version" inDefaultLocale="Wsdl Operation" />
			</attribute>
		</headerSection>
		
		<section>
			<label key="section.WsdlOperation.Details" inDefaultLocale="Wsdl Operation Details" />

			<attribute localId="name" type="String" editable="true">
				<label key="attr.WsdlOperation.name" inDefaultLocale="Wsdl Operation Name" />
			</attribute>
            <attribute localId="soapaction" type="String" editable="true">
                <label key="attr.WsdlOperation.soapaction" inDefaultLocale="Wsdl Operation Soap Action" />
            </attribute>
            <attribute localId="inputname" type="String" editable="true">
                <label key="attr.WsdlOperation.inputname" inDefaultLocale="Wsdl Operation Input Name" />
            </attribute>
            <attribute localId="soapbodyuse" type="String" editable="true">
                <label key="attr.WsdlOperation.soapbodyuse" inDefaultLocale="Wsdl Operation Soap Body Use" />
            </attribute>
            <attribute localId="outputname" type="String" editable="true">
                <label key="attr.WsdlOperation.outputname" inDefaultLocale="Wsdl Operation Output Name" />
            </attribute>
            <attribute localId="soapbodyuseout" type="String" editable="true">
                <label key="attr.WsdlOperation.soapbodyuseout" inDefaultLocale="Wsdl Operation Soap Body Use Output" />
            </attribute>
		</section>
	</class>
    
    <!-- ********* WsdlFault ********** -->
        
    <class localId="WsdlFault" containerClassRefs="WsdlOperation" canHaveImage="true" expandableInLineage="true" >
        <label key="class.WsdlFault" inDefaultLocale="Wsdl Fault" />
        <pluralLabel key="class-plural.WsdlFault" inDefaultLocale="Wsdl Fault" />
        
        <headerSection>
            <attribute localId="version" type="String" >
                <label key="attr.WsdlFault.version" inDefaultLocale="Wsdl Fault Version" />
            </attribute>
        </headerSection>
        
        <section>
            <label key="section.WsdlFault.Details" inDefaultLocale="Wsdl Fault Details" />

            <attribute localId="name" type="String" editable="true">
                <label key="attr.WsdlFault.name" inDefaultLocale="Wsdl Fault Name" />
            </attribute>
            <attribute localId="soapname" type="String" editable="true">
                <label key="attr.WsdlFault.soapname" inDefaultLocale="Wsdl Fault Soap Name" />
            </attribute>
            <attribute localId="soapuse" type="String" editable="true">
                <label key="attr.WsdlFault.soapuse" inDefaultLocale="Wsdl Fault Soap Use" />
            </attribute>
        </section>
    </class>
</descriptor>
